Feature,Importance
Study_Hours/week,0.32830800723449505
GPA (last semester),0.2148683522763679
Assignments_Score,0.099404065534624
Participation (%),0.07711808776515996
Midterm_Score,0.07603203795985851
Average_Score,0.06779702895070856
Final_Score,0.04832425744482268
Attendance (%),0.02730811303158543
Age,0.02474015615386546
Internet_Access_Yes,0.01499375194229038
Part_time_Job_Yes,0.014636744435763066
Gender_Male,0.006466822148959468
Gender_Other,2.575121499711794e-06
